Open,High,Low,Close,Volume
220.08,264.08,217.5,264.08,27617037
286,287.5,264.83,271.15,9601359
268.77,274,264.5,268.1,3241033
267.4,273.48,266.1,268.77,2165189
267.5,268.7,259,267.23,2393064
268.33,269.85,260.43,262.13,1110529
264,265,250,256.25,1519839
256.77,258.95,252.53,254.3,966549
255,263.75,253.75,256.6,1651118
257.5,260.5,254.45,255.05,536389
254,258.5,251.5,252.13,814510
253.25,258.45,253.25,257.43,851036
258.25,260.45,254.1,256.73,672046
257.5,269.43,256,265.8,2014321
264.5,272.75,262.5,268.3,1526587
269.5,271.9,266.75,269.6,644963
268.45,272.5,265.5,266.4,738552
267,268.73,265,266.45,399361
267.3,280.55,265.52,274.45,2603570
275.88,286.48,272,281.1,2517536
289.38,289.9,278.02,279.3,1847950
279.23,279.23,271.1,272,673944
272.73,274.93,270.27,271.13,473625
270,279.5,268.5,273.7,937862
275.95,280.48,274.5,277.05,815587
277.45,278,272.18,272.63,296005
273,277.43,272.5,272.77,348093
273.48,275,267,270.18,394432
269.55,269.55,264.27,266.43,491830
266.43,266.75,255.5,262.58,473975
262.5,267.25,260.25,263.77,206712
265,265.77,260.5,263,806257
264,264,258.7,260.3,294176
261.95,265.8,259.08,260,287835
263,264,259.63,260.05,246104
261,264.45,259.6,260.05,773387
260.85,263,258.93,259.27,298381
260.3,262.33,259,259.35,267352
260,262.43,257.5,258.05,299036
258.98,293.1,258.5,286.13,6646750
290,296,276.85,281.73,4682384
283.45,287.35,281.7,283.93,925375
285.45,291.4,281.02,286.52,1247933
288.4,288.85,282.5,284.73,497121
284.95,288.18,281.5,283.95,581641
284.2,287.95,280.02,283.6,480600
284,286.18,283,283.4,225773
284.5,287.5,283,285.1,374789
286.5,291.95,285.35,289.3,1072743
291.45,293,284.65,285.48,331812
286.2,287.08,283.05,283.58,282935
284.9,291.5,282.63,285.65,558697
286,290,285.2,287.65,367015
289,298.9,286.52,289.85,1198217
291,293.5,287.75,289.15,348144
289.75,292,287,288.02,274241
288.85,290,287,287.5,201896
287.23,289.9,285.5,286.4,212878
288.25,288.25,281.55,283.73,376771
282.5,286,281.45,282.88,406024
282.58,285.35,281.05,281.55,320272
281.6,284.7,280.7,281.73,256802
280,280,273,274.83,358622
274.85,277.5,272.83,275.7,180115
276.98,276.98,270.5,270.93,166221
272.93,274.4,271,272.18,117416
273.4,281.5,273.4,277.13,275856
280,289.6,279,287.52,683527
289,292.5,283.8,286.83,415043
287.85,288.95,284,284.9,173187
286,288,283.13,286.08,174324
286.85,299.5,286.02,287.9,1264634
287.5,292.7,284,284.88,336504
285.35,288.08,285,285.7,353174
286,286.63,284.08,284.65,211261
284.25,289.68,283,284.8,607453
284.93,287,279.1,280.13,359864
281,282,276.5,279.6,123917
279.6,279.6,276,277,110050
277,279,275.25,276.05,126382
277,279.5,276,276.83,110896
277,280,275.85,276.65,200899
278,279.5,276.15,276.88,190590
277.95,279.5,273.05,274.25,147218
275,275.9,271.58,272.2,91057
273,273.2,270,270.98,135509
271.02,281,267.5,268.43,297400
268.95,270,261.77,266.4,248692
268,273,268,269.08,194942
270,274.5,269.77,273.27,170952
274,274.95,272.5,273.02,67248
274.4,277.5,273.13,274.02,153000
274.55,275.98,273.02,274.02,106226
274.5,277.75,274,275.52,125093
276.5,277.95,274.5,276,146531
277.5,277.98,274.05,276.05,145430
276.5,279.98,275.55,276.1,123958
277.5,278.2,271.68,272.5,112857
273.25,275.2,271.35,271.65,268930
273.48,274.48,271.5,272.5,141406
273.5,274.2,272,272.27,117128
274.13,274.5,268.05,269.6,222070
270.02,272,266.25,266.77,353555
268.45,271.45,266.3,266.98,237548
270,285,269,278.93,1219916
281.33,284.9,276.6,278.08,600636
279,280,276,278.45,233419
280.5,285,274.18,276.02,430131
276.7,277.65,270.05,274.93,140740
276,279.9,269.45,270.45,267713
271.93,280.73,270.23,279.7,332439
279.7,280.77,273.58,275.88,132882
277.95,279.25,274.75,275.3,171881
276.95,277,272.55,275.85,124370
276,277.35,273,274.83,108635
276,276.75,269.08,269.68,199256
270.5,274.5,267,267.65,314228
268.1,273.25,266,268.85,219020
269.45,271.48,265.43,267.95,121167
265.75,267.35,255.5,260.1,269278
257,264.73,252.53,261.23,201516
252.5,263.9,250,259.23,255756
264.9,267.45,262.52,264.08,191941
266.9,269.85,264.5,265.2,183098
264,268,260.5,265.75,149390
266.25,269.75,264.5,268.2,218614
265.55,269.75,265.55,267.38,113967
269.8,272.35,266.6,268.43,195806
268.75,270.3,263.48,265.27,108099
265.9,265.9,261.33,262.27,103155
262.5,266,261.83,263.18,87933
264.18,264.45,261.05,263.48,46037
262.35,263.7,260.5,261.73,66319
262,265.23,261.05,264.02,338421
263,267.08,263,266.33,74163
267.15,269.5,265.27,267.63,142148
266.25,267.83,263.95,266.25,96545
266,268.95,265.35,267.6,59160
266.5,266.7,263.08,264.02,106667
267.5,268.48,261.5,262.9,117396
261,262.4,255,255.53,120332
257.9,258.8,253,256.95,98760
262.5,264.75,257.52,258.1,194759
259.7,260.27,255.53,257.45,92969
257.02,258.75,255.5,256.27,106817
256.4,256.4,252.6,253.98,104645
253.98,258.73,252.58,253.13,163332
253.95,257.95,253.48,257.18,172017
257.18,257.85,250.5,251.78,205925
251.75,253.93,251,251.13,65283
251.5,255.43,251.5,252.03,182029
251.98,253.35,248.88,249.15,250262
246.95,248.5,242.6,243.98,144558
243.98,244.98,240,241.7,186076
243.98,248.73,241.75,247.6,146835
246.95,251.93,242.05,251.18,105705
252.5,254.68,251.63,253.58,49085
251,254.75,251,254.15,40115
255.05,256.5,254.08,255.98,76765
257.95,260.48,256.75,258.73,77993
260.5,263.38,258.27,262.45,95484
265,268.2,262.75,264.45,128077
265.98,267.25,257.5,258.4,105217
261.33,262.55,258,260.02,90762
261.4,262.45,258.55,260.73,67551
262,262.5,260,262.02,48695
260.5,262.83,258.52,259.73,55213
260.3,261.8,259.55,260.08,61558
259.5,264.63,259.5,263.38,51685
264.55,265.98,263,265,64268
264.5,266.63,263,265.18,66012
263.52,271,261.02,269.95,128882
270.9,272,266.6,268.2,71677
267.5,270,266,267.58,52600
269.38,272.1,263.08,268.88,85851
272,272,265,265.48,74304
267.35,269.75,264,265.48,51408
265,266.95,261.5,263.1,35009
266.5,266.5,260.1,261.33,29090
262.1,264.25,257.5,258.77,54588
259.1,263.43,258.55,260.75,59533
261.75,263.5,259.27,261.27,40677
261,262.1,259.7,260.95,35940
261.48,261.48,255.75,257.15,40465
258,259.58,250.5,251.93,58934
251.93,255.45,247.5,249.08,60862
250.45,253.5,243,244.2,111363
245.45,246.5,237.6,242.3,186370
242.53,247,241.58,244.93,102226
243.2,247.5,240.5,241.73,57853
240.53,243.35,239.25,239.78,82905
240,242.48,239.5,240.6,78011
241.25,244.48,237.5,239.63,96771
242.95,243.93,240.65,242.25,82921
257.2,257.48,248.3,252.9,508328
255.2,257,254.5,255.18,63543
256.68,256.68,252.25,253.13,101081
252.98,255,250.55,252,52104
253.05,258.9,247.5,252.15,200172
255,257.08,248.15,249.18,63476
250,251.1,242,242.75,77262
244.83,244.83,234.05,234.95,153016
235.43,239.05,234.28,237.68,96658
241.83,244.5,240.13,242.48,57428
240.55,243.5,239,240.23,260305
242.38,242.38,239.1,239.7,78606
240.5,241.53,237,237.95,123267
238,239,234.48,235.1,116102
236.85,237.05,234.5,235.08,205834
236.93,236.93,234.5,234.88,178087
236.05,236.73,232.53,233.43,451657
233,234.43,230.13,230.73,302828
234.7,234.7,229.08,229.55,53755
230.23,230.53,225,225.23,239109
225.25,226.95,223.08,223.95,74720
224.4,226,222.5,223.2,198520
223.2,223.55,220,221.33,69370
222.23,222.45,215.1,218.68,92049
218.7,220.5,215.05,218.38,65504
220.98,222.2,218.53,220.53,72670
222,222,217.3,217.85,45049
219,219.75,216.75,217.48,32234
216,219.38,216,216.38,43607
216.38,220.03,215.83,216.25,110136
217,217,213,213.8,88707
215.03,216.5,213.13,213.88,74435
214.1,228.98,214.1,222.98,970680
221.3,228.48,221.3,222.9,88747
224.55,224.95,220.58,221.93,50613
221,222.25,217.9,219.3,41946
222.5,223.25,214.25,215.85,98708
214.98,217.5,213.53,215.18,60595
216.45,217.4,213.53,214.53,37238
214.5,215.33,212.5,212.88,41518
212.95,214.1,212.03,212.78,44189
213.45,221,213.43,218,66609
219.8,219.8,215.68,216.08,65319
217.4,221,216.75,217.58,94362
218.43,226,217.28,222.7,69294
223.98,225.6,221.5,222.2,41010
221.15,226.5,221,222.05,82446
224.55,227.4,224.55,225.55,151836
226,227.9,226,227.18,46674
227.38,228.9,226.28,226.88,82983
228.88,230.38,228.05,228.9,107603
222.05,225.95,220.2,224.1,71508
224.85,230.4,224.1,227.65,97795
228.9,229,226.33,227.5,91571
227.5,230,226.55,228.45,95093
227.5,230,226,226.88,56687
226.5,231.48,225,228.88,71966
228.05,228.5,219.5,220.55,155968
220.55,221.73,217.5,217.83,65535
219.4,222.5,216.28,222,186913
222.25,223.48,217.55,218.7,126747
218.7,221.25,218.5,218.73,51443
219,221,216.4,217,73474
217,219,213.68,214.05,90423
216,217.25,214.5,214.63,92308
215.03,215.58,212.5,212.73,70973
213.78,214.83,212,212.48,104904
213.5,214,210.68,210.93,91507
211.75,211.75,210.5,211.28,183289
211.7,213,210.2,210.5,120221
211.9,211.9,208.8,209.2,65898
214.5,216.5,209.35,210.05,242299
211.63,211.63,209.08,209.43,172555
210,215,207.5,211.93,136262
213.95,215.5,211.18,211.85,78174
213.93,214,208.9,209.35,55742
209,210.28,206.5,208.53,62788
209.53,211.48,209.08,209.65,55070
212.5,212.5,209.5,210.43,71640
210.25,210.68,205.73,206.05,73877
207.3,207.3,202.6,203.1,71226
206.4,210.98,199,208.48,445309
214.5,217.5,206.2,206.68,232635
206.75,208.5,204.78,206.4,65545
207,208.98,199.13,200.03,252128
201,202.93,199,199.8,67324
201.45,201.45,194,195.05,126526
190.4,195,189,193.85,77179
194,200.5,192.5,198.33,102472
196.95,196.95,192.3,193.08,84787
192.5,195.13,189.53,190.38,114708
190.38,193.95,184.3,184.8,150346
184,184.93,178.03,179.23,95209
182,186.5,181.1,184.48,133503
183.98,191,181.55,189.85,206225
192.5,199.4,191.5,197.58,168336
200,204.63,200,200.95,149865
202.5,204,196.98,199.88,176398
201.25,202,192.5,193.88,529391
193.25,197.68,190.25,194.58,274164
195.5,196.5,192,192.45,90949
192.4,193.93,189,189.75,101609
192,192.5,189.53,190.03,71062
190,192.3,188.75,190.23,75862
191.18,191.93,188.5,189.7,131772
190.63,195.5,189.5,192.55,154195
190.18,191.48,188.28,190.65,85414
191.45,203.85,187.55,193.5,837387
195.5,197.9,191.75,194.88,311539
197,197.63,194,194.65,132865
196.5,196.95,192.93,193.5,75004
194.53,194.98,192.45,192.9,48092
194.45,195.43,192.55,193.48,237876
195,195,192,192.53,46112
192.5,192.98,190.65,191,59982
191.5,192.43,190.5,190.8,41562
191.48,192.5,190.55,191.18,44000
192.05,193.5,190.6,191.4,41348
191.4,194.5,191.28,192.03,58467
192.03,193.48,189,190.05,88804
190.1,191.13,188.63,189.03,34270
189.4,190.5,188.4,188.78,28552
191.95,202,191.4,193.55,256574
195,195,192.13,192.53,83925
193.48,196.73,188.5,189.9,104474
190.95,190.95,188.88,189.83,52091
189.5,190.68,186.88,187.33,66599
188.98,188.98,185,186.63,71474
187.48,190,186,187.65,95880
187.5,189.15,185.5,187.63,53490
187,188.6,185.55,187.38,78609
189.5,189.5,186.53,187.15,23201
190,190,184.55,185.45,33215
184,187.5,183,186.88,29183
187.4,189.7,186.25,189.4,37854
190.13,194.5,188.43,191.43,44415
191,192.5,190,190.53,24717
189.95,192,188.8,190.65,51839
190,193.45,189.48,192.3,155021
191,198.05,191,194.5,109896
194,196.88,193.3,195.33,52355
195,195.73,191.5,191.83,91174
192.55,194.15,189.58,190.18,40530
190,190,187.75,188.65,26294
190.1,191.58,188.15,188.58,41490
188.75,190.25,188.55,189,27973
189,189.13,186.55,187.03,78561
187.03,188.25,186.1,186.35,51413
186.25,186.55,185,185.33,59218
185.33,186.38,184.08,184.25,36505
184.25,185.05,183.35,184.5,28182
185.75,187.55,182.5,182.78,56464
183.5,183.68,181,182.3,52344
182.68,187.55,182,184.18,80504
185.9,189.5,183.33,184.2,339212
184.2,188.5,183.33,187.85,176797
187.5,188.28,184.3,185.25,46806
186.73,186.73,184.5,184.75,48902
184.9,185.75,183.5,184.1,32853
184.03,184.95,183,183.18,22184
183.53,183.98,180.75,181.43,36189
180.25,181.98,180,180.28,32916
181.48,181.48,179,179.85,108518
180.9,181.95,179.8,180.33,36961
180.53,181.35,179.65,180.45,41708
180.5,184.4,178.43,179.6,91685
179.5,181.2,178.95,179.7,57401
180,180.7,178.5,179.58,37270
179.58,181.23,179.33,180.68,28936
182,182.55,180.3,181.98,52901
182.9,184.9,182.05,183.38,38293
183.53,183.68,181.25,181.73,23426
182,184.25,181.68,182.45,28494
182.93,183.88,180,180.88,41115
182.45,182.45,180.65,181.18,25902
181.5,188.5,178.85,182.8,68475
183.5,183.5,171.85,177,132306
177.9,178,173.78,174.55,37522
175.4,176.08,172.5,172.63,37173
172.8,173.98,171.5,172.03,33129
172.03,172.78,169.8,170.08,36880
169.25,171.25,168.5,169.68,26681
169.8,170.75,168.63,170.33,28910
170.28,170.73,168.28,169.38,41687
169.75,173.15,169.08,172.18,33563
173.5,175.5,172,174.55,37597
174.85,174.85,170.5,171.65,49633
172.75,178.18,172,173.4,99572
174.25,175,172.5,174.48,49148
175.25,183.5,174.93,181.9,109931
186.4,190,186,188.65,164211
190.5,199.7,190.33,193.1,237036
193.75,193.75,188.08,188.85,49676
186.38,188.95,185.03,185.73,44441
186.5,192.08,186.5,190.78,103208
192.05,198.95,192.05,194.7,234632
195,195,188.2,192.23,193717
194.75,194.75,187.75,191.55,44161
193.4,193.4,189,189.73,70135
190,191.48,185.38,186.83,47715
187,195.93,185.28,195.05,151581
195.05,196.95,192,193.7,41133
193.7,194.2,189.5,190.05,26398
190.05,193.5,187.38,190.8,60943
192.5,196.63,187.55,195.45,135259
196,200,191.8,198.53,152579
198.43,199.5,196.5,198.63,72853
196.85,201.7,194,195.8,118979
194.5,198.48,194.5,196.1,62032
196,197.45,193.5,195.1,49554
194.03,198.35,194.03,195.3,35136
194.55,197.38,193,194.35,79947
195.5,197.1,194.88,196.13,35860
196.5,198.4,196.18,197.1,39342
196.03,204.28,195.75,201.78,184961
201.5,202.73,199.25,199.85,118088
201.95,201.95,196.05,196.65,51506
197.25,198.5,195.5,197.18,43572
198.98,199,196.1,196.88,26079
197.85,197.95,196.53,197.4,37291
195.1,196.45,193.53,194.68,45799
194.5,194.63,192.5,193.6,27333
194.25,194.28,191.48,191.83,35099
191.95,192,190.5,190.98,32448
190.98,191.9,189.58,190.05,33857
190.08,190.73,189,189.55,28385
191,192.5,186.5,188.33,63289
190.75,194.5,189.08,189.8,180309
190.75,192.1,187.88,189.55,108412
189.5,190,186.85,188.65,31870
189,190.95,185,185.8,32842
185.55,186.45,182.5,182.83,37316
183.25,183.83,181.38,182.4,34896
181.5,184.5,180.75,182.08,34621
180.63,181.98,177.75,178.05,41214
177.5,180.43,176.03,177.55,58700
178.45,179.98,176.63,178.05,33433
178.05,179.3,175.58,177.88,54638
178.95,182.53,178.45,181.65,33323
190,192.3,183.25,184.95,141541
186.5,188.15,181.05,181.85,69356
182,184,179.5,182.55,140389
184.5,186.95,181.3,182,273842
182.53,185.45,181.78,184.85,151476
185,187.5,184.05,185.15,284887
186,193.58,185.53,188,242373
188.45,194.7,187.93,190.58,185442
192.5,192.5,188,188.68,56936
189.5,192.9,188.7,192.55,129352
191.5,198,190.5,196.75,123868
194.5,204,194.5,199.9,149547
201.45,202.75,193.98,199.45,147845
199.45,199.45,195.3,196.1,42385
196.5,199.5,194,195.13,49846
195.18,196.7,192.6,194.93,42130
194,198.48,194,197.45,55368
197.5,201.15,196.55,198.5,98910
198.78,199.75,194.5,195.03,51069
195.03,195.03,191.05,191.5,31278
192.5,194,190.25,191.78,70993
192.5,194.35,188.75,189.48,34801
189.5,191,188.08,189.75,67448
190,191.7,188.8,189.15,51010
189.25,190.55,188.25,188.5,18398
188,188.95,187,187.43,31059
187.55,188.9,187.28,188.45,33812
188.98,191,188.6,189.08,28752
189.03,190.48,188.58,189.23,31560
189.5,192.25,188.5,191.15,44602
193.55,194.98,191.88,192.38,67813
192.55,193.7,190.78,191.75,38296
191,192.95,191,191.93,34227
193,194,191.25,191.75,61210
190.58,191.6,187.4,188,31850
187.33,188.65,184.75,185.08,39610
186.85,187.38,185,186.03,30249
187.38,187.38,186,186.63,20512
186.95,188.88,186.6,187.28,18967
187.5,187.95,184.2,184.88,21250
184,185,182.63,183.93,33533
184.65,184.95,182.65,183,34243
183.88,185.58,181.53,181.83,35062
183.48,183.48,178.7,180.03,34799
180,181.5,177.5,180.2,26736
180.63,183.25,179,180.13,31200
181.35,181.35,177.35,178.68,73784
178.68,181.48,177.58,179.08,24777
179.5,180.95,177.88,179.65,16762
179.65,182.78,179.53,180.13,37223
182.98,183.75,179.53,180.18,95511
179.5,180.18,175,178.68,40103
178.68,182.95,177.75,179.53,48459
179.5,180.18,175.75,179.48,76162
172.98,175,168,174.78,69152
173.25,174.78,170.25,172.8,61108
174.48,175.75,171.03,174.05,71950
174.95,175.05,173.13,174.58,36293
175.08,178.4,175.08,175.9,29995
176.45,177.2,173.28,174.08,36245
175,175.48,172.55,174.25,18771
173,175.5,172.5,174.2,29534
174.5,177.45,174.5,176.9,31031
177,177,175.5,175.7,95899
175.75,176.43,171.5,172.33,72550
172.5,172.5,166.73,167.38,99818
167,169,166.78,168.03,26749
168.65,170.35,165.83,169.83,22038
170,174,168.63,173.1,29327
173,174.6,172.48,172.68,20375
173,173,170.5,172.53,15895
171.78,173.88,171.05,172.4,18603
171,172.38,169.6,170.15,18647
170.28,171.23,168.3,169.28,19607
169.88,175,169.68,171.38,101569
172.48,173.95,170.5,172.95,28913
173.4,177.45,170.28,175.03,132810
175.03,178,173.55,176.65,35637
177.25,179,176.23,176.7,20520
177.28,184.28,175.6,180.88,48071
182,182,175.68,176.4,33692
176.95,176.95,173.95,174.48,143720
174.48,176.25,174.4,174.73,152785
175.28,175.53,171.03,171.35,20896
171.53,173.05,164.5,166.75,218920
170.4,176.45,170,174.83,156448
175.48,177,172.08,175.48,74109
176.03,176.13,171.5,172,40810
172.03,173.98,172,172.65,33330
174.98,176,171,171.53,42501
171.75,172.5,168.05,168.85,33418
169.98,170.78,167,167.83,34874
165.55,168.28,165.55,166.1,29616
169,169,165.63,166.3,32765
165.8,167.05,164.75,165.13,27191
167.5,169.45,165.03,168.28,42340
168.5,171,165.08,168.3,580081
169,170.98,168.3,169.1,102015
169.95,170,167,167.7,28057
168.48,168.48,165.68,165.93,36274
166.45,166.9,164.53,165.03,60647
165.45,166.5,164.65,165.05,62388
165.05,171.5,163.45,164.63,363957
166.1,170,165.2,168.68,935181
168.68,177.1,167.7,169.88,301421
171.13,179.93,170.63,178.8,323762
177.98,190.95,177.48,187.08,455161
193.45,193.93,189,192.6,102435
191.5,197.75,190.5,196.55,211609
196.6,204.25,193,198.1,388154
199.73,206,193.1,194.78,211839
195,209.88,195,204.8,555707
205.4,209,199,199.98,147921
200.5,210,195.6,202.93,300044
204,204,199.5,200.35,68001
198,204.5,198,199.08,96870
198.5,205,195.63,197.78,141844
198.73,204,197.5,203.53,138017
207,208.5,200,205.08,251114
205,208.2,202,203.25,100293
204.7,205.35,201,201.83,62894
201.83,205.5,201.13,202.98,78091
203.5,208.43,202.13,205.3,175130
206.38,207.9,203.98,205.45,89584
205.55,212.28,205.55,207,415839
207.5,209,203.05,205.23,92413
205.5,208.08,203.55,204.63,72089
205,205.68,201,201.25,82106
201.73,203,196.5,197.43,103647
198.4,201.93,195.5,198.4,190352
198.75,203.88,198.25,200.63,107967
201.5,203.9,199.78,200.75,90239
200.48,202.4,198.25,199.83,125428
200,201.73,198.4,199.6,77201
200.4,201.4,195.6,197.43,86969
197,197.95,190.28,191,99652
192.3,196.48,190.95,193.48,88487
193.03,194.05,191,192,74330
192.05,196,191.03,194.18,63435
193.25,196.5,193.25,194.65,98331
194.3,197.3,192,192.68,82279
193.25,195.5,192.8,194.53,58670
194.55,197.08,194,195.25,27118
193.75,195.48,189.58,191,84845
191.08,196,191.08,195.25,72321
194.05,198.73,194.05,196.48,73681
195.13,199,195.08,198.45,44968
198.5,200,194.25,198.13,59215
198.5,200,196.18,199.03,43799
199.48,201.5,199.05,200.75,56662
200.75,204.28,198.53,201.43,128334
202.45,202.73,200,201.53,32077
202,205.95,200.55,204.68,81809
205.48,206,202,204.25,45866
200.55,202.98,198,201.55,65032
200.53,203.65,200.53,201.7,25942
200,203.9,198.18,202.43,50713
202.65,205.9,201.5,202.35,57553
201.78,203.48,199.35,199.83,92299
200,203,200,202.43,36779
202.5,204.3,200.8,202.6,64659
201.7,204.68,200.5,203.13,56785
208.9,217.45,206.5,213.23,643989
214.45,216.95,211.8,212.78,185391
225.55,245.85,215.75,219.93,3066383
218.5,219.4,212.63,214.1,166572
214,215.85,210.63,212.88,436107
213.8,214,196.5,201.83,2849387
199.7,201.75,196.5,198.33,287158
197.95,197.95,195,195.63,155114
196.7,197.5,194.3,194.85,94027
195.7,200.03,192.05,192.45,202500
194.5,194.5,186.1,187.5,182836
187.8,194.4,186.03,189.58,177205
189.58,191.8,183.08,183.98,141777
184.9,186.8,182.55,184.58,88830
186.2,189.25,185,186.63,125679
187.45,189,169.33,172.7,916794
175,180,173.6,176.95,239512
176.9,185.13,175,180.35,498418
180.35,181.5,171.9,173.88,417929
174.58,179,172.58,174.88,299899
182,183,175.95,180.48,640356
181,182.85,177.5,178.33,226985
180,180.43,175,176.05,237893
176.63,177.98,170.05,171.13,226906
171.4,174.5,168.7,170.3,320689
173.45,174.43,170.68,173.7,150500
174.05,174.58,170.1,172.58,210381
171.98,173.95,171.25,172.6,134746
173.63,173.68,167.5,172.58,242726
172.38,179.95,171.08,172.38,971292
172,179.45,168.6,177.6,172763
172.5,172.5,168.3,169.4,239208
171,173.38,165.05,166.5,171393
167.55,168.5,163.18,165.4,550334
165.4,166.45,162,163.4,247509
163.4,170.98,162.18,164.43,438315
160,164,155.6,162.43,130913
159.9,159.9,149.8,151.48,484715
151.5,154.7,144,144.8,250257
138.5,138.5,120,122.45,484092
112,128.93,105.15,122.88,489187
121,121.15,115.15,117.18,280567
115.78,122.95,113.5,116.83,275440
117.23,140.18,107.6,127.75,626292
111,122.75,108.3,116.35,221644
116.5,136.5,115,134.7,476877
124.5,129,110.55,112.53,184921
119,127.5,104.55,108,143114
107.5,115.5,107.5,114.33,98100
118,124,109.73,112.08,294692
117,125,110,121.93,262792
121.5,138.23,116.03,134.28,681778
130,136.95,125.95,133.18,401377
133.4,137.4,125,125.95,176819
126,127,120,120.45,147524
127.25,127.25,122.05,123.4,100293
123.5,131,122.5,127.45,199376
129.45,135.48,127.58,129.25,160187
131,132.35,124.05,126.53,130646
130,131.05,127.23,128.2,126931
129.43,132.93,126.5,128.9,141262
132.5,142.05,130.38,135.07,752379
137,139.5,135.15,136.05,152725
135,135,127.65,128.73,142009
128.8,129.98,126.38,127.13,113246
128.45,130.18,124.5,125.03,233956
124.95,127.65,123,123.5,129315
123.83,126.48,121.5,122.08,108848
122.98,125.88,122.05,122.48,209106
123.95,125.5,122.65,122.98,120495
124.8,126.5,123.45,123.88,207383
122.5,122.58,119.3,119.83,139224
120.55,122.45,116.38,117.28,161087
117.45,119.9,115.5,116.63,159373
116.98,118.78,115.88,116.25,90321
117.5,119.25,114.25,114.65,100004
115.05,121.45,114.5,120.25,264633
121.7,128.5,121.7,123.25,1625842
128.43,128.48,123.5,123.93,358645
123.45,123.88,120.55,121.03,117777
121.05,126.28,121.05,124.5,243123
125.5,127.1,117,117.93,414151
118.35,120.98,114.63,115.28,229835
115.45,116,114,114.98,225542
115.98,117.5,113.1,113.5,513192
113,113.95,111.75,112.4,332275
113.68,114,109.55,109.88,291241
110.9,111.73,109.23,109.45,266971
110.23,112,109.53,110.03,343037
110,115.7,110,112.43,672408
113.1,116.75,113.1,114.05,449065
115,117.55,114.48,114.93,632671
116.73,124.75,116.48,119.63,1373156
120,122.25,118.13,119.95,392938
122,123.18,120.5,121.73,643203
123.2,134.95,123.18,132.93,1586888
135,138.45,131.05,132.88,1028164
133.25,136,131.13,134.43,357626
134.05,136.45,130.88,132.03,268696
125.05,136.45,125.05,135.43,461338
136,137.28,131.13,132.03,244189
134.98,138.4,132.5,135.55,452590
136.3,145.68,136,141.28,1111795
141.32,151.23,140.53,149.15,876704
151.45,152.4,145.5,146.05,528667
156.5,159.95,149.5,150.53,2405938
153,153.88,151.15,152.73,376569
154,157.95,151,154.8,813723
154.5,157.05,150.05,151.7,918071
154.13,162.25,154.13,159.8,1588548
160,160.48,152.1,152.65,819191
154.03,154.43,147.5,150.15,784089
150.98,150.98,146.98,149.8,388125
150.95,152.48,148.32,150.63,679109
152.2,157,151.05,154.28,1116904
155.68,168.4,154.5,164.73,2577895
165.25,169.2,161.5,162.38,1335447
162.5,163.68,158.5,159.45,504906
160,168.15,159.23,164.65,1666567
163,165.48,159.73,162.6,675238
163.98,165.75,159.85,163.88,667952
162.88,164.13,160.1,162.32,570541
162.8,167.95,160.82,161.68,1339127
165.5,165.88,161.78,163.5,882571
164.48,169.48,163.5,167.33,1410327
168.5,170,166.55,167.18,588281
168.43,168.43,165.13,167.43,398973
167.75,167.75,164,165.15,312629
164.93,167.5,164.1,166,355006
165,169.98,160.78,167.53,538641
168.45,168.45,163.1,165.1,222077
165.1,167.5,163.9,166.63,224240
165.6,174.18,165,170.98,1195976
172.45,173.98,166.63,167.73,480581
168,168.95,164,164.43,223165
164.43,164.83,160.9,161.53,262750
164,164.68,161.53,162.07,222471
163.4,164.3,161.53,161.82,434429
162.05,163.23,161.85,162.25,178366
162.5,168.5,162,165.93,815384
170,175,166.68,171.4,1429976
170.5,179.13,168.08,176.13,1159638
175.75,179.45,173.53,173.93,373043
174.03,175.93,171.5,172.18,255598
173.5,174.35,166.63,169.03,318115
171.45,171.45,167.75,168.88,123862
169.25,170.7,168.25,169.65,140407
170.9,174.75,170.28,171.53,328326
171.9,173.63,170,170.85,153554
172.5,182.45,172.5,179.9,1135367
182.5,184.25,178.13,179.3,606624
180.73,182.73,177.28,178.38,381461
178.6,185.7,178.05,181.55,598897
181.98,185.5,181.43,182.58,376670
184.48,185.43,176.25,177.13,580092
179.5,179.5,165,166.28,494950
166.2,169.98,164.5,164.93,211829
166,167.48,164.03,164.85,199108
164.98,168.25,164.98,165.93,122125
164.88,165.5,162.07,163.43,216716
164.63,166.5,163.25,164.93,158303
165,165.98,162.6,163.35,149593
163.5,165.23,160.65,164.95,249655
165.5,165.73,162.9,163.53,123751
164.25,165.48,163.05,164.23,110661
166.05,169.85,166.05,168.03,259465
169.5,172.23,168.58,171.33,172635
172.35,174.5,170.88,174.08,168471
175,175,172.13,173.78,161655
174.7,175.23,171.53,172.18,249253
165.55,168,163.05,164.53,189083
165.5,165.5,153,155.35,286332
156.5,160.18,153.5,156.03,184662
154.98,158.5,151.8,156.55,291059
157.18,160.7,157.18,158.88,138640
162,166.9,160.5,166.2,454347
168,169.35,162.8,163.55,231411
164.53,169.5,162.98,168.28,558234
169.95,170.95,168.55,170.03,482134
169.9,172.5,166.53,171.2,252767
171.6,172.48,166.63,167.78,214366
168.63,171.85,166.68,170.15,342482
172.25,172.25,168.1,168.53,152967
169.38,170.63,167,167.35,118987
168.03,169.95,162,162.25,247203
162.55,164.68,158.75,159.5,122910
159.95,162.95,158.28,162.3,101412
162.3,163.28,159.98,160.93,68913
160.93,162.93,160.5,161.68,65452
162,163.48,159,159.25,135975
160.03,161.88,159.25,159.6,49217
161.38,164.7,159.25,163.45,212952
171,185,166,179.78,2137798
184,189,179.03,181.38,1805197
181.7,183,175.05,176.83,241972
175.68,178,171.5,175.45,183642
177.5,179.3,173.08,174.4,314236
173,173,168.63,169.53,153090
169.55,173.6,168.58,169.45,98851
171.85,171.85,168.33,170,93757
171.8,172,167.7,168,129223
168.83,169.48,166.8,167.13,105062
169.4,172.25,167,167.88,284692
168.9,170.68,167.1,167.38,171140
169.8,170.38,167,167.48,299424
169.75,169.75,166.73,167.38,167150
168.23,169.5,167,167.45,149270
167.5,169.9,167,167.4,194856
169.6,172.95,167,167.75,474693
171.05,172.03,169.15,169.58,285967
169.8,170,167.85,168.73,335756
168.35,176,167.6,169.7,883800
170.5,172.45,169.75,170.13,369720
171,179.5,171,177.5,689435
178.5,180.2,175.53,179.43,467500
180.25,181.88,176.23,178.33,457450
179.83,181.35,178,179.1,231870
182.5,185.85,180.08,184.63,736672
185.5,187.33,183.15,184.75,440416
184.9,185.35,181,182.85,281437
184.65,184.65,179.6,180.25,423777
180.95,184,180.5,182.5,197464
183.75,186.45,182.75,184.83,425787
185.9,186.38,179.58,179.9,505682
183,183.48,178.5,179.18,649481
178.6,179.98,176.18,177.38,362919
177.95,180.5,177.95,179.9,258862
181.48,181.48,178.5,179.93,293477
180.98,181.75,179,180.08,174447
180.9,192.15,179.28,188.18,1746730
188.6,191.5,180.8,183.93,470075
185.03,187.2,181.08,184.08,358208
186,186.85,170.5,173.8,439758
175.05,177.35,168.05,174.7,257439
175.3,179.5,175.08,177.9,180419
179.1,179.75,175.13,176.08,292146
176.85,182.75,176.83,181.45,394254
183,186.35,182.15,183.55,366663
184.45,193.38,180.35,191.03,1262298
192,192.83,184.83,186.28,518394
186.68,190.73,186.13,187.73,291572
188.23,192.5,185.5,190.95,846911
191.95,196.23,190.95,193.25,991999
194.75,196.13,190.5,192.23,507498
192.75,195,192.13,192.58,259149
194,197.8,193.53,195.73,668703
196.98,198,195.25,195.9,409517
196.45,197,195,196.03,324431
191.7,193.4,189.1,189.75,400127
190,190.03,185.55,189.3,154246
188.5,189.18,183.5,186.53,220610
186.53,187.48,181.28,182.25,198048
183.98,184.5,182.1,183.13,116044
183.13,184.3,180.85,181.83,117255
182.98,186,180.5,181.33,169695
181,184.05,178.53,179.68,143077
181.35,182.5,175.05,176.13,121054
172.75,175.75,172.75,174.33,110466
173.93,173.93,169.58,170.65,251323
171.48,174.98,171.48,174.3,108843
176,178.75,173.03,176.33,266517
177.23,181.2,176.53,180.13,182996
181.85,181.9,176.4,177.13,187075
177.2,178.85,174.5,174.98,288090
175.5,176.8,172.58,173.33,167587
174,175.9,172.65,173.88,176995
174.43,175.45,170.28,171.2,353510
171.73,174.8,171.73,174.2,130653
173.4,180.18,173.03,175.75,350672
176.08,178,174,175.25,222498
177.75,180.95,177.05,179,348623
179.85,181.7,179.55,181.18,245747
181.73,181.73,177.4,179.53,178361
179.98,184.6,179.58,182.78,396090
183,186.85,179.28,181.53,314437
183.35,184.05,175.3,176.5,156350
176.25,197,175.03,190.2,3962052
194.5,197.95,176.13,190,1501857
191,193.4,187.7,191.15,757872
189,190.95,185,185.93,385343
188.2,197.35,186.7,194.23,963401
195,213.25,194,204.78,4254850
206.5,207.48,200,201.38,601167
199.55,206.35,197.5,202.3,531096
201.75,201.75,195.18,197.08,467247
198.05,199.55,192.1,198.05,417754
199.1,199.88,192.5,193.15,236940
193.75,194.15,190,190.83,245456
191.48,194.78,189.55,191.23,256388
191.73,191.73,187.05,188.18,186108
188.25,189.18,185.6,186.3,132168
186.3,186.3,180.5,181.25,161504
182.5,184.4,178.43,180.15,186981
180.7,182.25,174,180.83,183578
180.5,184.5,179.53,180.65,142487
181.85,183.33,178.63,180.88,98995
181,183.05,177.48,178.1,174825
177.53,177.98,173.73,175.58,149358
175.5,180.1,175.28,176.95,204768
178,190.78,176,184.65,333571
187,192,185,187.15,353730
187.25,190.5,186.5,189.23,113211
187.5,188.9,182.25,184.78,110902
184.78,186.08,182.55,183.18,83915
184.65,185.63,182.5,183.2,94117
182.5,186.38,182.5,183.53,139353
184.98,191.25,183.75,187.75,720949
182.5,184.83,176.98,178.33,220172
177.5,181.25,176.88,180.28,104208
178.05,180.5,177.63,179.33,87446
179.33,180.55,177.55,178.9,87913
175.95,177.23,173,174.78,145888
175.1,178.35,174.45,174.98,77661
174,176.58,170.25,174.93,124083
174.88,177.5,173.53,174.75,87503
176,177.9,175.05,175.78,91062
175.68,181.3,175.68,178.85,225980
179.8,181.23,179.1,180.55,97507
181.45,181.98,178.08,179.6,73741
178.25,185.6,177.5,182.78,319495
182.35,187.5,181.15,183.98,290788
185,188.5,182.98,184.03,265875
186.2,189.7,184.03,186.35,378002
189,190.4,186.25,187.05,235934
187.75,188.58,183.5,184.9,171879
185.25,187.48,183.03,184.55,313787
184.5,186.9,182,184,380216
184.93,191.5,184.93,188.18,807669
191,193.48,189,191.68,589626
194.2,201.25,192.53,196.6,1357472
195.7,198.2,192,192.93,510966
193.75,194.93,190,190.25,440493
190,196.2,190,193.1,380427
193,195.95,191.55,192.58,275188
192.75,195.23,192.75,194.58,267678
195.28,197.5,191.63,192.75,345674
192.73,193.95,191.3,191.65,226016
192.5,193.33,190,190.68,243297
192,192.68,189.08,189.78,129843
190,192.23,187.2,187.4,199649
188.5,191.95,188.03,188.45,198576
188.5,190.7,187.7,188.1,234969
189.25,197.78,189.25,191.9,966349
193.2,194.6,190.5,190.98,249856
193.75,201.83,192.25,198.7,1674613
199.48,200.18,193.83,195.65,474217
195.95,200.5,193.7,195.15,579768
196.05,204.08,195.88,199.53,1454236
203,207.5,201.18,206.28,1871224
208,213,206.5,209.15,2241773
209.5,212.3,203.83,205.43,572135
206.73,216.95,200.55,209.53,2263897
207.5,209.5,204.18,205.8,498673
206.5,211.28,201.13,205.1,691679
202,207.45,201.65,205.78,686034
206.85,209.23,203.65,204.88,402580
205.55,208.1,204,204.45,306189
205.75,206.5,202.23,203.05,173977
204.45,211.5,200.05,201.58,1239929
203.73,203.73,198.5,199.23,415565
200.73,201.73,191,193.1,619066
194.35,196.33,191.88,192.6,395496
194.33,194.65,192.3,193.58,190322
194.23,197.88,193.58,195.63,256397
197.35,201.25,196.65,198.35,414170
198.4,201.3,195,196.75,320822
197.75,197.8,192.93,193.43,317008
193.6,196.35,192.23,192.93,224609
196,196.3,192.7,193.9,454388
195.23,198,193.38,193.85,368171
194.85,197.48,194,195.13,356796
195.98,197.43,194.33,194.83,379171
195.7,197.48,192,194.08,324928
194.98,196.35,191.3,192.15,297573
191.98,193.25,190,190.35,203157
190.45,192.4,187.63,188.33,288848
189.35,190.98,187.5,187.85,253442
188.55,189.5,185.28,186.75,243335
187.48,189,185.5,185.88,232939
186.55,188.2,185,186.2,195591
187.15,187.15,184.38,184.98,228215
185.28,188.5,185.28,187.93,364461
189.5,191.35,188,188.35,282454
188.35,190.35,187,187.35,181830
187.5,190.48,186.75,187.38,265835
187.5,189.13,186.5,187.43,137557
189,189,184.55,184.9,321142
186,188.83,184.5,186.25,295811
187.15,188.5,185.35,185.8,152050
186.3,189,181.65,182.6,198350
177.95,179.73,173.63,179.15,561412
179.95,181.55,179.5,180.93,171155
181,181.58,178.6,178.93,128712
178.93,179.48,175.58,178.3,156205
178.98,178.98,175.75,177.18,92426
177.98,182.95,177,181.03,241895
180,180.03,175.5,176.43,130190
176.55,177.45,172.55,173.08,144094
172.8,175,172.78,174.15,104372
174.35,179.88,173.53,178.35,159216
176.28,178.2,174.95,175.93,227465
175.83,178.5,174.65,176.35,173942
176,180.73,176,178.05,232742
178.38,179.35,177.08,177.9,123284
177.9,178.98,176.28,176.63,99630
178.85,180.15,177.08,178.6,142443
178.8,184.28,178.28,181.93,357165
183.45,184.5,181.5,182.13,161225
188.88,188.88,185.1,186.08,652337
186.38,187.33,183,185.68,165119
185.68,186.33,183.63,184.3,87711
186,186.48,182.78,183.5,108410
185.73,188.88,183.18,187.55,207902
187,188.3,184.6,185.23,199881
185.5,189.88,184.5,186.03,474908
186.03,189.63,182.5,189.05,449248
188.75,189.78,183.03,184.3,207797
183.5,184.88,178.9,181.48,160530
182.2,184.08,181.15,181.58,84698
182.9,183.48,181.28,181.88,93743
182.8,182.85,180.15,180.58,93364
181.5,182.1,179.05,179.43,106659
179.5,181,178.65,179.43,130736
179.38,187.25,179.05,180.15,361116
180.98,184,180.6,181.43,149706
180.98,181.95,179.55,179.93,147752
180.63,182.1,180.03,180.25,139695
180.25,182.25,179.1,180.73,160837
181.38,184.2,180,181.38,206481
182,182.9,180.25,180.68,184615
181.8,182.15,179.75,180.3,188568
181.5,182.75,180.05,180.45,218612
181.4,188.73,179.75,186.9,1322174
190,190.65,186,187.15,650399
189,189.5,184.6,185.4,247850
187.35,188.15,184.43,185.13,302606
185.5,187.3,182.5,183.28,185001
182.58,184,180.28,180.78,232114
180.95,182.75,175.53,176.93,256928
177.5,179.48,177.25,178.13,149868
178.13,178.98,174.28,175.33,252761
176,180,175.28,176.85,139169
177.45,179.35,175.83,176.33,134770
176.35,177.85,175.05,175.65,152082
175.65,176.2,173.55,174.7,129608
175.35,176.35,173.45,175.3,89509
175.95,178.58,175.38,177.95,147761
178.88,187.5,178.13,179.28,985917
180.3,182.5,180,182.13,85601
183,184.93,181.78,183.43,205275
183.75,184.5,181.65,182.08,126935
182.33,184.95,181.2,182.23,126727
182.5,188.75,180.93,187.05,773878
189,191.5,185,185.9,679635
186.35,188.38,185.35,186.18,171263
187.25,187.75,184,185.33,171207
183.5,185.75,182.9,183.2,136537
185,185,179.43,180.55,154755
182.35,182.35,177,177.43,153810
175,180,174.68,178.85,94478
179.53,181.68,178.03,179.93,97727
180.83,182.2,177.53,178.15,77186
177.5,178.9,173.75,174.6,135394
173.5,173.68,170.03,171.2,144067
171,174,168.5,169.78,165745
170,171.83,169.45,170.5,103538
170.5,173.2,169.85,171.63,91430
171.98,173.88,171.85,172.35,161327
173,173.5,171.63,172.9,89000
173.5,174.4,172.53,172.73,48771
173.98,174.35,171.2,172.9,100432
173.25,175.5,172.8,174.63,62625
175.25,175.83,174,174.35,88041
174.53,175.85,174,174.28,69899
174.28,174.65,173.25,173.48,57075
174.1,174.15,172.58,172.85,54160
173.73,173.73,172.65,172.95,47870
172.95,172.95,169,170.43,79930
169.5,169.5,164,165.28,180308
165.5,168.45,164,164.55,107315
165.4,169.48,164.75,165.5,122268
166.35,168.75,166.35,167.3,65884
168.2,168.48,166.45,167.03,52316
167.85,167.85,166,167.3,42001
167.95,170,167.65,169.25,63124
170.1,173.5,168.83,172.78,152619
173.45,180,170.63,178.33,367389
178.5,178.9,176.03,178.15,147484
178.95,179.3,177.33,177.7,77521
177.7,178.55,173,173.43,171055
174.75,175.28,173.15,173.98,90663
174.03,174.25,172.5,172.73,93837
172.75,176.9,172.75,174.18,245214
174.85,175.83,174.03,174.4,85360
175.23,175.23,173.15,173.55,71769
174.35,176.75,173.55,175.88,185700
176.25,176.25,174,174.95,88495
175.7,176.25,174.03,174.35,71593
174.5,175.48,173.8,174.05,83583
174.45,177,173.05,174,123865
174.8,174.8,172.78,173.58,82650
174.35,177.4,173.15,173.95,158121
173.95,174.7,172,172.53,67141
172.53,172.98,166.5,167.38,151235
167.28,169.25,163.95,168.2,95292
167.5,170.05,166.5,169.7,135775
170.25,171.9,170.03,170.45,87186
171.35,172.45,170.55,171.53,91509
171.75,173.93,171.5,172.28,137007
174,174,171.95,172.33,70342
173,173.6,169.9,171.18,111382
171.43,172.45,169.5,169.88,101352
170.45,172.48,169.25,169.8,74876
170.45,172.45,167.55,169.88,125416
169.93,170.85,169.03,169.75,44738
170.45,171.33,169.58,170.43,63693
167.05,168.18,164.2,164.5,330026
163.38,163.5,156.05,158.5,268025
160.95,160.95,155.5,157.32,290886
160,160.93,157.15,157.4,358440
158,158.98,156.13,156.48,198790
156.03,157,155.78,156.5,120447
154.48,154.98,152.55,153.8,144932
152.55,152.95,150.1,150.8,147024
151.57,153.25,150.7,151.1,107658
148.95,148.95,142.53,143.65,315499
145.45,147.15,143.13,144.15,260708
143.5,145.82,142.55,144.95,199978
146,146,141.1,144.9,157345
145.15,147.95,144.95,145.4,182715
145,146.03,144.13,144.55,133348
143.03,144.5,141.8,143.05,183968
144.48,145.5,140.38,142.38,188713
144.4,147.07,143.23,144.78,191866
146.5,149.5,146.28,148.43,245224
148.25,153.18,147.57,152.3,243612
154.88,155,151.8,153.07,203327
152.7,153.75,150.53,150.98,159433
154,156.48,152,152.3,388723
154.98,154.98,151,152.3,300174
153.07,154.45,150.5,150.9,206107
150.9,151.45,149,150.28,187463
152.5,153.95,151.25,151.53,244620
152.75,152.75,149.63,150.68,127593
151.05,152,150,150.28,139172
150.3,151.98,147.05,147.48,258939
148.65,148.73,145.15,146.32,282730
146.5,148.07,146.13,146.5,202759
146.5,149.1,146.5,147.1,178240
147.8,152.23,147.32,151.43,138665
152.4,161.95,152.38,158.88,592841
160,162.4,158.32,160.45,250714
160.45,161.05,158.38,159.23,114532
159.95,166.38,159.32,160.98,421300
161.88,168.4,161.2,163.95,403046
163.75,169.78,163.32,166.55,364690
167.88,177.45,163,175.53,2765913
175.7,177.33,171,171.8,532971
171.43,178.95,167.55,176.65,918489
178.35,178.45,165.5,169.2,395630
169.5,172.23,167.55,168.05,208822
169.23,174.9,169.23,174.13,372291
172.5,178.25,171.35,175.15,789627
174.45,174.45,170.25,171.55,188763
173.45,174,170.25,170.78,160851
170,170.95,167.58,169.73,120187
170,171.38,168.08,169.13,74752
169.5,173.4,165.78,167.15,143934
167.7,170,165.4,168.33,130347
170.5,170.5,164,164.75,77153
165,167.95,162.18,163.38,89474
161,163.07,157.6,161.43,119681
160.6,162.25,158.03,160.38,72767
158.5,162.55,157,157.85,89937
158.43,159.07,150.53,152.15,109484
152.5,156,150.05,153.85,80609
155,159.98,154.28,156.35,171588
158.98,160.35,156.07,157.6,68383
158.4,164.9,157.88,163.8,129030
165.5,166.43,163.15,163.93,123658
160.05,161.95,155.03,156.48,106990
159.8,162.75,158,161.9,146172
167.98,174.95,165,171.55,1075024
174.63,174.63,166,166.78,194261
168.95,168.95,159.9,161.28,215398
163.38,163.38,153.03,159.35,172844
163.5,164.5,159.48,161.28,105504
161.6,164.5,161.6,163.38,138947
163.5,164.2,160.55,161.55,88664
164,167.5,161.68,163.73,313987
164.43,165.95,162.7,165.13,87542
166,168.7,162.25,163.73,153529
163.73,163.73,156.4,159.78,94503
161.5,162.35,158.03,160.5,194061
162.5,164.18,159,159.25,134471
159.5,161.13,159,160.23,69380
159.15,160.68,157.9,158.48,58165
157.48,157.48,153.3,153.68,211359
152.5,157,152.5,155.85,236524
156.65,157,155.2,155.7,43690
157.5,157.82,152.5,155.35,134522
156,156.15,151,151.3,141819
152.73,152.78,148.5,150.48,168551
149.53,155,149.53,154.53,133874
155,159.2,153.4,157.6,151941
157,158,154.65,156.8,105311
156.48,156.48,154.8,155.9,106248
156.5,156.5,154.55,154.75,131434
153.5,158.75,153.5,157.25,147361
155.53,158.48,153.03,154.88,155379
154.63,156.32,153.93,155.85,44437
155.45,156.5,153.57,156.18,34795
156,156.98,155,155.23,46305
155.95,157.45,155.5,155.9,40596
156,157.07,155.05,156.63,39448
156.63,159.5,156.63,158.8,81689
159.48,159.82,157.32,158.55,38689
157.5,160,157.43,159.15,50736
159,160.5,158.53,160.07,90024
160.9,161,157.7,158.55,77785
159.35,161.45,157.73,160.57,139199
161,161.32,159.13,160.7,49101
162.25,162.25,160.63,161.63,63572
161,162.5,160.53,161.28,70600
162.1,162.5,160.2,160.57,85647
161,163.5,161,162.68,104659
163.43,163.43,160.93,162.4,55128
162.38,163.43,160.35,163.03,55463
163.03,164,161.85,163.18,57584
163.9,165.5,162.78,163.32,110750
163.5,164.25,162.13,162.75,56002
165,167,163.85,166.68,223587
167,169.5,166.28,167.35,291465
166.5,168.95,166.25,168.13,134348
167.5,168.3,165,167.25,74360
168.45,169.5,164.08,166,122587
166.93,172.5,165.3,170.5,389050
170.75,173,169,170.6,231603
171.3,172.45,170.5,171.63,128924
172.4,173,165.5,166.75,420266
166,169.03,165.6,168.15,113760
169,169,167.53,168.03,74528
168.95,170.03,168.25,169.28,86411
169.83,172.58,168.75,171.13,229157
171.3,173,168.55,169.13,103181
168.5,168.5,164.55,166,87199
165,169.98,165,168.83,98985
168.5,171.5,167.9,170.38,95455
171,179,170,175.58,931405
177.45,184.45,176.53,182.23,1771725
180,194,178.8,187.9,3024153
192.4,193.65,187.75,188.3,820035
188.48,194,188,189.85,912724
194.48,197.15,188.43,189.68,2206058
190.88,192.95,187.65,188.5,537050
189.5,189.5,185.6,186.63,391891
186.5,196.4,186.15,194.18,1084419
196.03,202.35,193.35,198.05,1929302
198.05,199.75,191.25,192.55,645874
196.3,197.45,193,193.7,374354
191,193.48,188.75,189.28,337330
190.4,192.28,186.8,187.95,283080
188.9,204.33,187.3,191.73,3245584
192.5,202.5,188.65,200.33,2046170
202.5,212,201.45,209.28,3090227
212,217.1,206.5,213.5,2806751
214,218.9,211.85,216.48,1656938
216.38,216.5,209.5,213.78,683498
213.48,213.48,200.6,208.35,870788
209,214.03,207.7,211.45,637498
210.93,211.45,206.63,209.65,570603
212.5,220.4,212,216.43,1404545
217.78,222.4,210.08,220.5,1465958
219.5,245.78,217.55,242.7,8547308
241,250.35,238.2,248.33,4025625
249.5,264.75,246,253.9,5227866
254.95,264.75,250,262.55,3116728
262.05,279.93,260.5,263.55,7421976
266.85,268,250.55,253.88,2668323
253.03,267.5,250.48,263.75,3038997
266.6,276.2,265.05,271.02,4393238
276,279.38,258.52,260.9,2698630
261.7,267.35,258.63,262.77,1555044
264.1,266.73,255.55,257.75,1487328
259.23,262.5,256.08,260.7,1365498
260.93,266.13,259,264.68,1088803
262.02,264.35,256.05,258.73,685944
259.73,274,258.6,271.08,1668822
272.5,282.45,267.02,280.1,1839216
281,284,268.13,273.3,1494136
275,275.45,266.5,269.27,662164
269.95,277.95,269.33,275.18,947748
272,295,271.7,291.2,4340734
290.98,308.5,288.02,295.08,7981077
295.08,304.55,295,302.23,3199655
304.48,307.43,297.3,299.33,1955841
301.5,303.83,287.5,291.8,1233079
292.7,306.5,291,293.35,2506650
290,327.3,280.5,319.2,5405172
322.95,338.7,318.5,334.75,6082924
333.5,341.98,326.63,338.75,2836589
336.15,339,330.15,333.35,2610707
331,342.2,326,337.45,2468302
337,337,325.55,329.03,1624482
324,324.95,300.55,305.88,1642203
305.18,330.5,296.77,324.35,5925982
324.35,336.4,320.05,323.83,3725090
323.75,329.45,320.93,322.85,1531825
322.9,326.05,311.27,313.88,1405317
315.45,329.5,314.27,327.65,1943839
327.45,329.35,318.33,320.3,1119083
321.9,334.93,321.3,333.53,3130101
334.7,342.75,331.55,335,1982069
335,336.5,327.6,330.15,972985
332.58,343.5,326.18,330.55,1732690
332,332.5,320,321.2,1377962
323,324.7,310.55,312.68,1384995
314.75,321,302.52,316.13,2989400
318.75,319.65,303.02,305.63,1835671
307,311.98,298,304.55,1709738
307.35,323.5,305.27,315.4,2772794
317.5,319.73,311,313.4,929152
312.52,315.6,306,307.7,664762
307.5,311.23,304.6,306.9,1034104
307.75,312,306.58,308.8,762050
310.35,315,304.75,311.13,1306222
313.5,314.18,296.73,299,880040
299.25,304.2,268.15,272.13,1852391
270,270,245.9,248.53,2246538
248.5,280.8,246,276.4,2745721
280,284.05,266.27,274.9,2657059
274.95,274.95,265,270.88,1104613
271.18,271.18,266.13,267.4,853169
268,273.63,265.5,267.13,855609
265.48,269.5,263.73,264.98,563418
266.5,273.48,265.25,267.2,1850432
268.15,268.95,259.5,260.75,562420
263.35,266,256.05,258.9,886076
260.2,261.05,248.5,250.78,900765
252.45,255.48,249,251.1,550245
251.6,252.08,242.5,243.25,925051
244.45,246.6,237.1,239.18,1061480
239.18,244.88,236.05,243.03,859322
244.25,247.63,241.78,246.45,853366
247.68,253.85,240.4,249.95,1340850
247.45,254.23,246.98,249.93,785516
249.5,255.1,247.4,253.73,740122
250.9,252.88,247.6,248.45,369565
249.5,259,246.65,254.15,1508064
254.7,255.7,251,252.88,403008
253.35,253.35,247.5,248.15,391045
248.2,248.2,240.65,241.48,474645
242.38,247.78,234.2,237.48,595183
236.25,247.65,235.95,243.65,450064
246.85,257.45,246,255.98,1094748
257.9,261.23,237.5,242.03,1142679
242.48,251.5,236.28,242.58,820048
244.78,245,234.55,236.05,489987
237.25,241.83,236.1,239.08,373468
240.28,244.5,238,242.7,334603
243.93,249.28,243.13,247.25,510708
246.5,249.45,240.5,242.03,567029
243.25,244.5,237.93,239.33,623466
238.25,239.85,232.05,236.18,423573
237.35,248.98,236.58,247.5,854227
246.03,249.48,242.58,246.48,576573
246.5,253.43,244.18,251.55,1150182
250.7,250.7,243,244.1,632427
244.95,247.5,241.03,241.88,303365
242.85,246.9,240.63,245.15,381340
241.95,242.5,233.8,234.95,356344
236.2,236.95,229.5,230.7,381508
231.95,237.25,231.05,232.3,284528
228.8,232.23,228.05,230.45,206394
232.18,234.85,225,226.03,291258
226.9,233.25,226.5,232.38,351401
231.5,233.55,228.6,229.6,203838
232.5,233.48,230.78,232.38,190013
233.55,237.68,232.78,237.15,408989
236.45,242.4,233.1,240.68,640164
240.68,241.6,233.75,235.13,312693
234,235.93,230.78,233.88,138278
233.88,235.63,226,227.13,244616
226.58,230.93,222.5,223.58,236642
225.55,228.35,218.7,220.88,219655
219.63,220.2,212.63,218.5,381897
220.6,223.35,217.55,222,385289
224.2,236.8,224.1,230.1,3245606
232,232,224.18,226.18,411395
226.7,229.95,225.03,226.95,279622
226.5,226.53,223.38,224.25,176040
225.2,225.53,215,216.35,253916
217.35,217.5,205.2,207,309481
207.48,213.68,207,208.73,521113
209.3,237,209.3,229.5,1585774
243.05,248.35,235.9,237.88,3230470
240.35,242.45,233.33,240.4,654874
240.5,247,237.88,245.75,777617
244.9,247,241.6,243.53,562216
243.53,245.6,241.4,243.38,316261
244.1,247.95,242.65,245.4,579477
245.5,250.98,243.05,245.33,820616
245.35,246.78,241.83,243.28,310086
243.75,246,239.03,240.85,389849
241,244.75,241,242.35,259452
243,246.15,242.35,243.65,280425
244.45,247,242.2,244.7,400879
244.85,246.1,240.03,243.9,479089
244.9,253.9,243.55,251.35,1141813
252.5,254.8,247.1,248.75,635931
248.5,253,247.95,249.5,378922
250,253.85,248,249.6,397134
249.75,253.75,248.5,251.7,393443
252.98,269.95,252.7,267.55,1646040
267.65,278.5,267.65,275.88,2233397
277.5,278,269.1,275,1106064
275,280.73,272.02,274.73,738338
276.5,277.43,273.5,275.58,371950
277,277.15,264.5,265.68,566376
266,271,264.2,269.73,515327
270.73,273.4,265,266.27,427164
267,270.95,265.13,269.75,321545
269.77,272.75,267.85,269.27,390343
270.25,283.13,268.85,276.15,2504305
277.52,281.4,272.8,276.3,777481
277.55,279.45,271.52,273.13,345602
273.9,274.9,269.45,271.08,329348
243,247.5,238.08,242.88,1898467
244.68,248,241.53,243.58,726431
243.85,246.38,242.5,243.88,258930
244.28,245.25,234.48,236.48,556162
237.4,241,235,239.6,525740
240.85,244.5,239.6,243.48,391998
244.55,248.4,242.08,247.4,513460
248.5,251,244.23,248.2,563399
248.35,252.18,245.13,249.4,515454
250.33,254,247,250.65,737920
251.93,287.5,248.6,279.45,11483865
280.5,291.33,277.08,286.18,6152702
286,287,275.13,276.8,1974755
278.3,282.2,269.08,271.63,978041
272.7,277.38,266.77,269.88,1111342
280,287,276.05,279,3808183
277.63,281.95,273.85,275.75,1302958
277,278,272.5,274.45,516799
273.5,283.5,273.05,278.6,1712640
279,297.2,279,289.58,7768432
292,303.48,291,296.35,4179151
297.02,299.45,291.8,297.83,2598936
300,304.7,292,293.35,2527026
294.65,297.5,286.52,292.3,1163331
293.18,293.48,283.23,286.05,780109
286.5,295.85,285.05,293.13,1449397
294.65,295.7,289.05,289.9,509459
291.13,292.25,280,281.8,1086177
283.2,285.73,281.25,282.9,656531
284.33,290.45,282.75,283.58,752748
284.08,284.9,277.9,279.8,555756
280.52,283.8,278.05,281,440827
282,291,280.33,288.43,1020451
290.02,294.98,287.02,289.8,1364599
289.75,294.4,285.3,291.3,1500516
292.5,336.05,292,323.65,19958047
323.65,331.35,316.88,321.7,8273807
321.6,329.48,316.63,318.65,3517325
320.18,321.95,313.27,314.85,1243233
315.88,342.2,314.85,329.68,9240626
331.75,339.95,324.33,330.25,2840883
331.55,333.55,325.52,327.83,963632
327,343.8,326.6,333.53,5499166
333.3,339.28,328.15,333.6,1609563
334.25,343.5,331.93,340.35,1898713
342.25,358.5,341.05,344.05,6962797
345.43,349.63,338.05,340.55,1827909
342.05,344.45,333,335.48,1190940
336.55,342.15,335.5,340.53,1087994
341.05,341.63,333.15,334.53,848788
337.5,349.2,333.6,335.1,2691678
332.5,337.9,324.02,332.9,1637064
332.9,336.5,328.5,333.1,890227
334.78,337.65,331.75,335.33,643667
336.98,338.5,328.3,330.4,627499
329.88,334.4,328.93,333.03,621774
333.75,333.95,328.38,329.75,580851
329.28,330.88,326.5,329.45,437889
330.15,337.98,316.1,322.93,2688002
325,347.6,322.7,343.95,7362816
345,411,342.7,403.93,23016954
406.48,452.23,405.83,437.85,25396803
441,461.5,417.85,421.73,13847921
424.95,431.5,408.83,414.85,5692255
418.55,423.38,408.55,412.58,2409602
414.65,438.9,410.48,433.6,7157895
436.5,438.4,421.65,424.38,2134878
424,431.45,410.88,419.85,1920832
421.95,434.45,416.7,424.05,1889677
425,427.85,420.75,422.65,804156
424.5,453.98,421.5,434.6,9301508
437.63,455,432.5,452.85,7336256
455.13,461,446.55,454.25,3680131
456.53,471.5,452.23,456.58,3519705
460,481,459.4,476.65,5370758
476.28,479,463.8,477.58,2795455
477.5,573.08,473.5,573.08,15934469
600,629.25,582.38,604.73,18349377
614.35,620.53,595.08,602.03,4070422
599.53,601.88,516.13,532.85,6272347
536.98,567.75,518.33,543.63,5020577
553.2,558.92,536.13,543.17,1858105
543.2,570,543.2,553.53,4812191
557.23,564,540.5,544.75,1806058
544,544,522.5,533.08,2459592
533.48,542.67,515.4,519.42,1883577
522.03,526.1,498.55,501.08,2201499
503.75,506.98,486.15,491.63,1657888
492.8,562,492.03,543.88,17226553
545.2,565,537.8,544.08,7672695
547.5,554.35,525.55,528.85,3056438
531.85,558.95,531.5,542.63,6430593
543,545.17,530.6,534.5,1987534
534.92,534.95,508.5,520.65,1949858
526,552.5,526,536.17,5033605
537.5,546,530.35,536.15,1740479
521.05,529.08,512.48,516.65,1456616
531,544,522.5,524.3,2516537
528.5,531.75,521,524.4,1204884
524.53,527.58,515.5,517.25,906740
516,519.48,506.5,515.08,1340724
515.5,535,508.4,529.78,2930195
534.58,537.38,520,522.92,2027616
525,529.95,514,516.8,1192527
512.35,517.95,508.53,511.68,695792
511,512.48,500,502.23,836786
515.5,519.75,485,487.63,2089860
489.53,498.55,454,463.8,2104299
454.58,478.6,435.6,470.9,4396619
477.35,503.35,468.65,493.18,4503610
494.9,495.15,475,479.13,1486735
480.4,487.03,472.3,475.68,1093002
477.2,479.5,470.13,473.58,856269
480,484.5,472.63,475.3,693089
477.63,479.6,470,472.53,727027
475.65,506,471.55,502.15,3653655
509,534.17,506.63,521.13,5843367
530.83,536.65,522.03,523.67,2196784
526.3,529.1,515.03,518.8,1684744
517.5,534.42,515,524.35,1981727
529,537.8,525.15,526.9,1190466
531.95,554.25,525.4,549.13,3937232
552,557.17,537.38,539.3,2173797
542.45,548.83,537,540.73,947232
543,555.5,533.1,544.48,1882956
547.35,559.95,540.5,546.45,2260274
548,550.95,535.5,539.08,985714
539.08,571.85,539,553.6,6679742
556.85,569.4,555.5,560.85,2957819
564,574,560.5,566.38,2017146
570,589.88,569,582.05,3916140
588,609,585.5,602.3,6171554
600,600,577.88,583.5,2901397
612.5,614.28,590.25,594.33,1971915
594.5,609.5,586.6,590.67,2158598
593.5,647.2,587.05,639.98,8762197
647.5,656.35,635.5,640.8,3669269
644,664.2,618.3,632.5,3267722
636.08,646.17,633.03,639.42,1470479
643,645.38,623,625.78,1372581
628.55,638.83,616.58,637.3,1444557
641.23,645.1,621,623.53,2191290
627.95,636.75,625.28,628.95,1150336
633.83,644,632.5,635.2,1513766
638.5,668.73,636,653.95,5989210
657.35,662.25,600,612.33,3059021
618,658.38,612.55,650.2,5417925
655,657.5,640.75,650.7,1713384
653.88,695,646.33,687.25,5990264
691.78,704.43,673.65,679.53,4272025
682.95,688.2,668.53,672.53,1740870
675.45,688,670.5,676.98,1748151
680.13,691.25,679,681.43,1408663
684.93,687,658.38,676.88,1384734
677.98,684,668.15,675.6,1104286
678.1,687.9,676,681.63,1307910
684.18,691.95,674,681.35,1822635
684.5,685,611.28,646.83,2299797
650.5,685.88,650.5,669,3355705
677,802.8,675.1,802.8,22442717
790,792.8,761.05,772.8,11469695
776.35,782.8,750.6,753.85,3571574
757.7,791,757.05,770.5,5235262
779,808.4,773,792.15,7787634
793,888,780,849.1,26230941
857,896.1,822,865.65,11018034
878,887.45,862.6,873.7,4771974
880,898.5,832.05,848.6,3459766
853,854.5,796.25,851.3,3518987
860.45,885,860,871.6,2473935
877.95,883.2,855.45,860.05,1726017
867,895.95,860.6,878.6,3683666
935,945,895.7,912.2,6953477
922.5,941.95,902.4,911.55,4522178
919.1,922,903,905.2,1973422
913,924.45,880.8,890.65,2538611
895,895,863.2,884.5,1631959
887.5,897,871.5,873.9,1182679
878.55,920,863.9,911.4,3837173
915.5,916.2,865.5,882.65,2188203
882,882,790,805.4,3682525
817.5,853.1,795,842.8,3156914
810.05,853.5,810.05,847.4,1477541
851,864.9,845.5,860.85,1278231
864.8,884.75,835,839.25,1858009
845,869.25,839.05,851,1987506
852.6,854.95,840.05,843.8,1047391
846.55,849.9,825.05,830.85,1005409
834.4,844,814.15,836.3,1269496
840,863.9,834.05,858.7,1739872
862.25,869.95,849.1,859.2,1253538
860,865,851.2,854.05,1038904
866,903.45,842,854.2,8593058
854.2,879.5,854.2,875.1,2582071
878.9,883.9,868,873.8,1472366
876.9,913.8,864.5,881.3,3402600
884.55,890.1,872.8,876.25,1082470
875.95,876.65,843.75,854.85,1472985
854.85,875.7,853.85,867.2,1011544
867.2,867.2,845,848.3,787870
850,856,814.2,818.05,1407869
820,837.2,716.45,730.8,3454793
739.95,814,713.35,804.3,3713524
805,905,788.6,890.45,11812467
897,912.35,870.45,875.5,3171617
873.85,911.35,864.25,881.2,4560368
888.8,903.95,875,878.25,1640751
887.45,922.9,884.7,895.85,4687245
898,930.8,897.05,902.45,3150242
906.85,909.75,878,893.25,1637539
895,901.2,865,872.45,1647346
883.4,891.1,866.25,871.8,905880
887,976.7,885.35,968.3,11008662
969.2,997,954.35,985.05,6207391
986,1085,977.7,1074.65,15834277
1076,1081,1034.15,1069.3,5050996
1067.95,1117.5,1055,1081.2,5566690
1105.05,1170.9,1105.05,1141.2,9408821
1147.6,1153.1,1113.35,1130.25,3223337
1132.8,1142.7,1084.1,1092.1,2856936
1094.85,1119.8,1081.4,1096.55,1988002
1055,1085,1024.2,1056.95,3644581
1056.15,1115,1043.75,1103.35,4525204
1120,1137,1067.35,1077.85,2552265
1077.45,1126.6,1061,1099,4930560
1113.05,1124.45,1095.1,1105.1,1597916
1109.9,1280,1093.05,1251.95,17053747
1270,1323,1257.9,1274.65,9171525
1276.9,1377,1251.75,1326.25,13992038
1330.1,1364.7,1327.2,1352.05,4772122
1364.25,1365.55,1327,1337.95,1974201
1338,1378,1298,1303.9,3369452
1312.8,1334.75,1274,1325.65,3008078
1331.65,1361.75,1303.3,1321.9,2314662
1332,1335.35,1261.05,1287.6,2282092
1293.85,1336,1226.85,1247.25,4390065
1248,1298,1225,1294.8,2664196
1299.6,1304.75,1220,1234.7,2073901
1244,1257.3,1201.55,1229.75,2736031
1230,1237.8,1168,1195.2,3079650
1240,1355,1240,1343.2,12226747
1343.1,1370,1311.7,1330.5,5845758
1341.9,1361,1327.75,1345.5,3459148
1349.5,1438.4,1347.25,1414.85,13002299
1490,1696,1432.75,1641,17469936
1650.05,1709,1593.35,1633.3,9452432
1660,1935,1658.7,1890.2,20768778
1899.5,2030,1831.55,1912.55,21610057
2100,2100,1952.65,1971,15878300
1994.05,2022,1863.4,1909.4,7902909
1900,2030,1825,2018.05,13452819
2027,2048,1940,1957.15,7063841
1980,2010,1901,1947.65,7522139
2100,2100,2003.15,2013,4497698
2009,2009,1811.7,1811.7,5677652
1789.95,1789.95,1630.55,1684.55,7231598
1735,1853,1732.05,1853,4699862
1870,1954,1862.85,1912.75,4406748
1933.35,1948,1885,1893.2,1783567
1905,1946.95,1880,1894.05,1848739
1902.8,1924.9,1887,1902.85,1431812
1912.4,2018,1890,2006.8,5114642
2020,2175,1981,2122.35,12077353
2137.7,2334.55,2132.35,2320.8,11963932
2360,2427.9,2200,2256.2,6356683
2259,2298.7,2202,2231.95,3461499
2232,2240,2108.05,2132.25,3331150
2136.35,2200,2113.45,2143.15,2758689
2153,2239,2145.15,2188.55,4874927
2205.1,2275.25,2191.2,2208.15,4850979
2217.8,2297.65,2180,2238.5,5497856
2249,2270,2186.05,2215.15,2477956
2273.95,2310,2241,2266.05,4946752
2272,2289.9,2210.05,2260.65,2498510
2271,2463,2246.4,2436.35,10574606
2449,2679.95,2405.05,2679.95,13026739
2715,2924,2650,2837.6,12633513
2849.95,2979.45,2750,2804.4,8355098
2842.35,2900,2683.7,2790.25,4213729
2809.75,2823.8,2670,2727.25,2789930
2799,2863.6,2764.2,2863.6,3894646
2915,2936.25,2806.8,2828.75,3225791
2842,2848,2725,2744.65,1505323
2750.7,2816.5,2723,2743.35,1767967
2740,2740,2611,2622.45,2767426
2609.95,2700,2521,2543.2,2827660
2505,2670.35,2462,2670.35,2745532
2699,2774.5,2536.85,2598.15,4223355
2595,2660,2550,2559.55,1374320
2520.05,2531.75,2450,2461.75,1574069
2469.95,2525,2450.05,2467.6,1017431
2510,2590.95,2470.05,2590.95,2372821
2587,2715.8,2550,2678.25,2928546
2680,2702.2,2605.6,2620.15,1020858
2649,2689.8,2573.7,2580.3,1003125
2502.2,2610.7,2502.1,2537.9,1016016
2416.1,2474.75,2411,2411,1308671
2401,2441.9,2290.45,2290.45,2323913
2308.05,2387.95,2121,2349.35,5619905
2360,2392,2301,2312.15,1655089
2440.15,2491,2368.1,2379.8,2887887
2365,2384,2306.15,2325.25,1292134
2339.9,2342.85,2198,2204.15,2481721
2212.8,2256.75,2140,2215.5,2352856
2240,2260,2185.5,2198.45,1189881
2206,2219.7,2150,2155.45,1431135
2150,2158,2039.1,2074.4,3007563
2049.95,2175,2038,2117,2886627
2136.8,2136.8,2065,2069.95,1167062
2081.95,2114.15,2061.25,2085.2,1113685
2100,2120,2050,2057.15,735231
2058,2099,2052.65,2059.75,896011
2059.7,2074.2,2008,2012.7,1239616
2010,2025,1935,1954.8,1848011
1964,2024,1860,1886.65,7094311
1881,1908,1819.45,1851.35,2909239
1900,1947.7,1863.5,1881.2,4852910
1885,1998.7,1881.45,1928.9,5200139
1950,1960,1895.55,1912.2,2570312
1912.2,1914.7,1855.95,1861.35,1288779
1860.95,1860.95,1798,1820.55,1268809
1830.05,1874.8,1820.9,1839.65,1031034
1839,1844.6,1800,1803.9,695951
1820,1823.7,1785,1812.65,1228858
1812.65,1859.9,1794.05,1816.8,1026595
1825,1828,1777.15,1794.3,980967
1794.2,1825,1760,1762.5,1106981
1762.5,1798,1718.35,1725.7,1347819
1749,1751.25,1638,1678.25,2302100
1688,1846.05,1682.15,1846.05,5800913
1886.95,1935,1662,1780,3796861
1794.65,1813.95,1761,1796.65,883255
1782.45,1810,1740,1745.1,300727
1750,1759.25,1685,1704.9,345668
1707,1781.85,1670,1727.2,1045085
1730,1750,1690,1740.35,640493
1735.5,1735.5,1697.1,1705.5,299624
1678.9,1697,1652,1670.7,449810
1670.45,1685,1587.2,1645.5,411572
1644,1647,1563.25,1569,616808
1557.7,1647.45,1505,1643.05,481632
1670,1670,1620,1654.8,272935
1669.8,1724.7,1640,1694.55,743389
1696.5,1696.8,1650,1660.8,237690
1660.9,1689,1615,1624.4,345447
1626,1688,1605,1671.95,396645
1605.2,1648.9,1588.35,1588.6,1031697
1561,1567.9,1551.05,1559.95,1496837
1549.95,1583.05,1526,1564.05,1065843
1567,1570,1526,1530.6,492306
1530.95,1539.9,1454.1,1454.1,612006
1405.1,1439,1381.4,1400.65,1200822
1395,1438.5,1365,1422.9,427454
1414,1418,1351.75,1365.4,744409
1374.95,1394,1340,1361.65,597834
1379,1418.7,1365.05,1402,362390
1405.45,1472.1,1405.45,1472.1,391148
1486.95,1519.9,1472.1,1497.2,510173
1548,1548,1462,1503.45,389109
1495,1510,1441,1496.35,530542
1504,1547,1500,1536.9,413151
1554,1555,1512,1523.85,328948
1488,1490,1447.65,1447.95,501298
1408.1,1430.8,1378.5,1393.3,382705
1399,1416.45,1360,1374.05,301194
1365.05,1365.05,1308,1317.35,444889
1320,1343.95,1301,1312.4,279812
1316.9,1339.7,1290.25,1301.45,304904
1320,1362.3,1320,1360.5,295055
1350,1350,1292.5,1295.4,494851
1290,1311,1265,1299.3,348717
1357.95,1364.25,1334.6,1364.25,582192
1389,1432.45,1375,1432.45,311063
1480,1504.05,1460,1504.05,536695
1563,1579.25,1530,1579.25,1312263
1579.25,1585,1510.75,1577.3,750162
1631.5,1656.15,1620,1656.15,595105
1714.55,1734.9,1623,1685.55,1259341
1719.3,1728,1670,1695.6,510941
1695,1695.6,1630.1,1682.3,463028
1682,1702,1650.5,1691.9,403528
1684.7,1693.9,1663,1683.15,359831
1688.8,1694.7,1621,1633.4,403176
1644,1653.2,1624,1627.8,173886
1627.9,1678.9,1600.05,1647.4,413087
1644,1644,1600,1606.35,241605
1625,1638.4,1595.9,1607.8,211257
1614,1630,1580,1617.05,272495
1615,1624.7,1560.9,1575.15,318298
1526.1,1565,1511.2,1547.5,233424
1561,1570,1476.75,1493.55,305700
1520,1520,1444,1466.9,292990
1468,1499.8,1450,1468.4,198793
1479.8,1479.95,1450,1465.8,175014
1470,1539.05,1445,1539.05,340981
1564.85,1614.4,1473.5,1573.05,1853229
1565,1587.4,1513.1,1538.75,438789
1558.4,1581,1511.05,1567,359906
1568.45,1619.9,1552.65,1594.85,472162
1600,1619.8,1580,1598.25,410469
1596.95,1596.95,1518.35,1518.35,420930
1504,1537.7,1483.15,1501.75,430854
1509,1524.7,1470.6,1492.4,291253
1492.3,1525.65,1461.55,1474.3,299199
1474.3,1480,1415,1431.1,394615
1423.95,1423.95,1359.55,1359.55,500996
1369.95,1427.5,1357.05,1427.5,385406
1425,1436,1386.05,1396.35,403285
1429.8,1459.2,1419.1,1446.1,232661
1464,1518,1449.1,1492.65,586525
1504,1549,1501.8,1536.55,464136
1551.9,1582,1500,1508.3,683166
1515.95,1516.95,1440,1462.05,403472
1463,1508.8,1445.85,1480.4,362392
1486.4,1504.4,1450,1458.6,269316
1452.9,1452.9,1390,1403.3,383942
1405.9,1435,1332.1,1409.45,799845
1419.85,1459.95,1416.05,1435.25,409995
1447.95,1481,1431.1,1456.4,316864
1467.95,1540,1450.4,1532.3,677944
1450,1450,1390.1,1410.6,592688
1435,1443.7,1390,1412.4,436871
1427.95,1448.8,1415.25,1423.8,311546
1435,1438,1406,1411.45,284570
1335,1385.8,1335,1360.9,929762
1361.95,1429.95,1323.35,1370.8,1926624
1371,1379.65,1315.1,1326.45,593162
1323.45,1323.45,1244.1,1299.75,969073
1305,1343.95,1291.2,1299.75,574730
1302.05,1340,1225.7,1236.25,722616
1224.05,1249.95,1196,1216.35,812884
1216.35,1245,1180.2,1235,852286
1224.05,1349.9,1203.45,1299.15,1463068
1293,1317.6,1276,1299.45,757395
1299,1337,1273.15,1324,1106478
1300,1335,1286.05,1302.65,809959
1301,1348,1292,1304.65,1003002
1305,1313.4,1270.1,1295,592297
1286.95,1294.95,1250.1,1268.55,702560
1268.55,1294,1199.6,1217.75,773997
1205.1,1307.9,1205.1,1261.85,1787579
1264,1290.85,1248.95,1265.9,825929
1270,1301.75,1260,1288.2,732185
1288.15,1355,1278.15,1335.85,1610855
1340,1350,1288,1301.45,849285
1283,1288.1,1261,1272.75,610842
1273.05,1296.4,1263,1282.25,479031
1296.65,1322.35,1269.1,1291.65,893210
1304,1344.9,1300.55,1340.9,892269
1350,1474.95,1342.35,1456.7,4134078
1474,1494.95,1412.05,1450.5,2784245
1455.1,1474.7,1415.05,1438.25,1354114
1452.45,1520,1446,1485.05,2012055
1500,1515.05,1448,1457.45,1197136
1457.45,1498.9,1445.65,1451.85,1523799
1445,1475,1419.4,1424.95,1330906
1434.05,1468,1401.1,1407.9,1019725
1407.6,1435,1382,1393.9,832732
1400,1415.05,1362.4,1411.55,620582
1397,1466.95,1391.15,1461.15,1334533
1453.05,1455.1,1380.55,1390.75,1203309
1234.95,1345,1224.55,1338.3,1232611
1388.95,1389,1343,1379.05,982627
1380,1398,1332.5,1359.9,1011126
1396.05,1441.3,1380.5,1401,1114448
1420,1484,1416.3,1442.6,1914695
1443,1476,1431,1446.7,990326
1449.8,1479.9,1435,1449.8,888593
1464.6,1566.8,1455.1,1487.2,4599914
1494.9,1508.9,1472.6,1488.9,1174127
1496,1519.5,1456.7,1485.7,1076643
1485.4,1529,1472,1477.6,1393914
1470,1481.2,1403.2,1415.5,1279388
1415.5,1518,1403.9,1502.1,4568287
1515,1669.7,1510,1652.4,11869691
1673.9,1717,1575,1591.4,5602923
1595,1599,1526,1530.2,2752231
1540.5,1556,1508.3,1544.7,2055329
1545,1583.7,1475,1482.7,1810284
1470,1535,1443.4,1457.6,3200758
1464.7,1499.5,1436,1443.4,1375538
1426.2,1492,1417.9,1484.6,3264692
1529,1539,1505,1520.8,1522100
1535.4,1592.5,1535,1577,3242545
1640,1798,1640,1699.4,21390019
1726,1832,1720.4,1812.1,20187233
1850,2068,1835.5,2035.6,33598999
2090,2195,1955,1982.2,19775890
1999,2042,1810,1817.6,13599661
1817.6,1851,1757.9,1838.8,9293058
1840.9,1931,1820.7,1903.8,10045412
1923,1955,1900,1915,5503083
1915,1924.9,1874.5,1884.6,2623641
1887.9,1953,1885.2,1925.6,4139318
1939,1974.7,1937,1952.5,3437727
1963.7,2010,1953,1979.2,3442627
1975,1993.5,1908.9,1947.1,3804068
1943.6,1949.9,1901,1923,1608601
1926.8,2050,1926.8,2034.7,10032378
2055,2175,2052.2,2086.7,13208301
2108,2380,2041.3,2350.8,23864711
2421,2545,2363.6,2392.5,18534152
2406.6,2418.6,2290.8,2301.3,6984192
2315,2330,2241,2258.2,5306794
2268,2282.9,2164,2194.8,4955277
2200,2250,2112.1,2128.1,5643346
2087,2230.6,2060,2161.6,9928649
2172.3,2218,2106,2188,5637883
2193.9,2243.7,2165.8,2192.2,4868682
2194.8,2209,2135.2,2143.5,3417182
2144,2192,2071,2085.7,4480331
2090,2210,2080,2179.2,5195062
2180,2249,2166.4,2231.1,5685325
2254,2278,2154,2165.5,4473394
2177.9,2186,2111,2134,3065799
2143.3,2182,2044.1,2091.2,3050446
2104.9,2126.8,2023.1,2044.2,2745762
2064.5,2093.6,2045.8,2065.8,2414088
2085,2092.1,2036.6,2045.2,1893630
2055.4,2059.9,2005,2025.3,1503047
2029.9,2048,2005,2015.4,1424216
2031,2073.9,2031,2057.3,1972155
2065,2074,2030,2051.7,1408214
2053.5,2065.6,2010,2021.5,1058542
2022,2064,2018.9,2036.3,1324846
2041,2041.2,2007,2017.7,796413
2017,2024,1971,1982.8,1223384
